Selected_Match_Index,Log_File
0,game1.log
6,game7.log
9,game10.log
10,game11.log
11,game12.log
12,game13.log
14,game15.log
16,game17.log
18,game19.log
19,game20.log
21,game22.log
22,game23.log
23,game24.log
25,game26.log
26,game27.log
27,game28.log
29,game30.log
31,game32.log
33,game34.log
37,game38.log
39,game40.log
41,game42.log
42,game43.log
43,game44.log
44,game45.log
46,game47.log
47,game48.log
52,game53.log
54,game55.log
55,game56.log
56,game57.log
57,game58.log
58,game59.log
59,game60.log
61,game62.log
63,game64.log
64,game65.log
71,game72.log
72,game73.log
76,game77.log
78,game79.log
80,game81.log
81,game82.log
83,game84.log
87,game88.log
89,game90.log
92,game93.log
98,game99.log
102,game103.log
103,game104.log
105,game106.log
106,game107.log
108,game109.log
109,game110.log
110,game111.log
111,game112.log
115,game116.log
116,game117.log
117,game118.log
118,game119.log
